file,original_size,compressed_size,ratio,compression_ms,decompression_ms
code_python_sample.txt,628,430,0.6847133757961783,102.52881050109863,92.5142765045166
data_json_sample.txt,439,322,0.7334851936218679,93.52517127990723,79.51736450195312
random_biased_letters.txt,527,229,0.43453510436432635,62.537431716918945,56.54311180114746
random_uniform_letters.txt,780,597,0.7653846153846153,212.10408210754395,209.52606201171875
short.txt,3,12,4.0,5.203723907470703,3.9381980895996094
