file,original_size,compressed_size,ratio,compression_ms,decompression_ms
gutenberg_small_fr.txt,290,210,0.7241379310344828,45.26543617248535,37.89091110229492
json_like_config.txt,170,143,0.8411764705882353,19.32811737060547,13.209819793701172
short.txt,3,12,4.0,0.5002021789550781,0.2727508544921875
data_json_sample.txt,430,313,0.727906976744186,69.76795196533203,64.3618106842041
code_python_sample.txt,600,407,0.6783333333333333,61.293840408325195,49.83162879943848
random_uniform_letters.txt,772,588,0.7616580310880829,116.11199378967285,120.90134620666504
english_mixed_case.txt,202,173,0.8564356435643564,23.485898971557617,30.348777770996094
emojis.txt,409,387,0.9462102689486552,147.87817001342773,91.79925918579102
random_biased_letters.txt,517,219,0.42359767891682787,44.50178146362305,32.85551071166992
