file,original_size,compressed_size,ratio,compression_ms,decompression_ms
code_python_sample.txt,628,430,0.6847133757961783,119.43507194519043,123.52848052978516
data_json_sample.txt,439,322,0.7334851936218679,102.53787040710449,82.81397819519043
english_mixed_case.txt,204,177,0.8676470588235294,71.98882102966309,42.5260066986084
gutenberg_small_fr.txt,294,215,0.7312925170068028,63.99822235107422,64.4674301147461
json_like_config.txt,177,149,0.8418079096045198,44.96335983276367,37.53328323364258
random_biased_letters.txt,527,229,0.43453510436432635,60.92572212219238,65.5517578125
random_uniform_letters.txt,780,597,0.7653846153846153,207.05509185791016,198.0435848236084
short.txt,3,12,4.0,4.990816116333008,1.9989013671875
